label,auc
Atelectasis,0.7902048494599835
Cardiomegaly,0.8677589964152296
Consolidation,0.7867460369775578
Edema,0.8827985121429515
Effusion,0.8676460972994523
Emphysema,0.8658131843065693
Fibrosis,0.7665755623143464
Hernia,0.7722158267612813
Infiltration,0.699911217762525
Mass,0.7990743996189877
Nodule,0.716539423528268
Pleural_Thickening,0.7733930068635314
Pneumonia,0.721784899054024
Pneumothorax,0.8538529133272371
