label,auc
Atelectasis,0.7947514386741866
Cardiomegaly,0.8837088557541878
Consolidation,0.797774925652726
Edema,0.8927896088557788
Effusion,0.8780666576775363
Emphysema,0.9009500184654153
Fibrosis,0.7773339538010182
Hernia,0.7932429568793204
Infiltration,0.7019976636511257
Mass,0.8239144185366105
Nodule,0.7333835200788733
Pleural_Thickening,0.78407084238775
Pneumonia,0.72978307988652
Pneumothorax,0.8736734973864857
