label,auc
Atelectasis,0.8060370011690716
Cardiomegaly,0.8944994802523135
Consolidation,0.801071378786169
Edema,0.895169217452219
Effusion,0.8728155607067299
Emphysema,0.8918072391669564
Fibrosis,0.7921032222713354
Hernia,0.7827866646048464
Infiltration,0.7099493586858079
Mass,0.8410585556943624
Nodule,0.7496614454259868
Pleural_Thickening,0.7846425637128783
Pneumonia,0.7368550346476888
Pneumothorax,0.8751104792544965
