label,auc
Atelectasis,0.8034771215262981
Cardiomegaly,0.8971628359647787
Consolidation,0.804372797581162
Edema,0.8969364034049851
Effusion,0.8793284313394256
Emphysema,0.9001796757328233
Fibrosis,0.7935261850341133
Hernia,0.8261530443348626
Infiltration,0.7072948431680582
Mass,0.8485124398330662
Nodule,0.7525672479278165
Pleural_Thickening,0.7964762553655858
Pneumonia,0.7420160682329201
Pneumothorax,0.8770446291550082
