label,auc
Atelectasis,0.8012224298945085
Cardiomegaly,0.8924448520239131
Consolidation,0.7946122109065175
Edema,0.9001391851297444
Effusion,0.8778368551169242
Emphysema,0.9024848656007415
Fibrosis,0.7763511490198862
Hernia,0.8082220809493537
Infiltration,0.7070971658288031
Mass,0.8483311182426228
Nodule,0.7567889474195894
Pleural_Thickening,0.788194501670735
Pneumonia,0.748438383432851
Pneumothorax,0.8789934003050329
