label,auc
Atelectasis,0.8039901557574483
Cardiomegaly,0.8958892759216559
Consolidation,0.8025646535565998
Edema,0.8952069073282136
Effusion,0.8795648951220352
Emphysema,0.9090491397288842
Fibrosis,0.8003394727379745
Hernia,0.8276891004163732
Infiltration,0.7073335631207318
Mass,0.8544469296681686
Nodule,0.7513466882339573
Pleural_Thickening,0.7915589400011711
Pneumonia,0.7367193923815586
Pneumothorax,0.88532640550291
