label,auc
Atelectasis,0.801386036861385
Cardiomegaly,0.8956348322781136
Consolidation,0.8015509896512011
Edema,0.8947943873467771
Effusion,0.8788225048099014
Emphysema,0.910086823658904
Fibrosis,0.7992853838349369
Hernia,0.8242137878501514
Infiltration,0.7052790366867876
Mass,0.8517835843908002
Nodule,0.7504227272483274
Pleural_Thickening,0.7891365233634634
Pneumonia,0.7356018532768948
Pneumothorax,0.8862699999107239
