label,auc
Atelectasis,0.8015762006090179
Cardiomegaly,0.8951762634439376
Consolidation,0.8015586311096484
Edema,0.894185799282187
Effusion,0.8787060294079706
Emphysema,0.9102192496524157
Fibrosis,0.7994591567746827
Hernia,0.8229457684003139
Infiltration,0.7045608727825866
Mass,0.8521248662841584
Nodule,0.7497755519610072
Pleural_Thickening,0.7886921979886659
Pneumonia,0.7352369741082331
Pneumothorax,0.8863790215951757
