label,auc
Atelectasis,0.801604984234819
Cardiomegaly,0.8952983695563296
Consolidation,0.8007854544503983
Edema,0.8942797969247281
Effusion,0.8786078675673817
Emphysema,0.9103637143726104
Fibrosis,0.79870022421576
Hernia,0.8234016597652961
Infiltration,0.7040898753273344
Mass,0.8518476266944613
Nodule,0.7494373328848101
Pleural_Thickening,0.788973079233408
Pneumonia,0.7344432238440546
Pneumothorax,0.8857975194708583
