label,auc
Atelectasis,0.8048380435442131
Cardiomegaly,0.8992004817153225
Consolidation,0.8034354968026027
Edema,0.8977318767449227
Effusion,0.880656625255238
Emphysema,0.910836392799212
Fibrosis,0.7990012493329638
Hernia,0.8241851514578786
Infiltration,0.7079925783489869
Mass,0.857468886910684
Nodule,0.7558141212372802
Pleural_Thickening,0.7916611933981335
Pneumonia,0.741002654081735
Pneumothorax,0.885910298953082
