Epoch No,Loss
0.0,0.16319619119167328
1.0,0.1512690931558609
2.0,0.14598646759986877
3.0,0.14166732132434845
4.0,0.1375707983970642
5.0,0.12450699508190155
6.0,0.11924431473016739
7.0,0.11451923102140427
8.0,0.11385272443294525
9.0,0.11374612152576447
