label,auc
Atelectasis,0.7899449700288704
Cardiomegaly,0.8777258239751494
Consolidation,0.7812546585238052
Edema,0.8787927897400389
Effusion,0.870046911128011
Emphysema,0.8729009620119337
Fibrosis,0.7729205648679782
Hernia,0.7868868232504596
Infiltration,0.7018264735368797
Mass,0.8068610876303184
Nodule,0.7117081990596518
Pleural_Thickening,0.7656170498071528
Pneumonia,0.7239324209905891
Pneumothorax,0.8537358294584745
