label,auc
Atelectasis,0.7962280022986333
Cardiomegaly,0.8957497260789219
Consolidation,0.7954471624537532
Edema,0.8936928540499665
Effusion,0.8766587402604104
Emphysema,0.8886297394566098
Fibrosis,0.7972283788673784
Hernia,0.8434253706980981
Infiltration,0.7049075620353478
Mass,0.836985988823974
Nodule,0.7358269879513042
Pleural_Thickening,0.7882893560736098
Pneumonia,0.7433486319939899
Pneumothorax,0.8670817279565761
