label,auc
Atelectasis,0.8035013412221562
Cardiomegaly,0.898395386468781
Consolidation,0.7981635594232483
Edema,0.8949006455513886
Effusion,0.8781269350178021
Emphysema,0.9037643197485806
Fibrosis,0.7932804838388304
Hernia,0.8454493909039363
Infiltration,0.7066570531177983
Mass,0.8434031232363433
Nodule,0.74875176173631
Pleural_Thickening,0.788528473328029
Pneumonia,0.7412053810951206
Pneumothorax,0.874358760278374
