label,auc
Atelectasis,0.8109745339764522
Cardiomegaly,0.8976254302751875
Consolidation,0.8013016774210545
Edema,0.8981720460597529
Effusion,0.8780582879576777
Emphysema,0.9103161930830728
Fibrosis,0.792849343728028
Hernia,0.854054054054054
Infiltration,0.7092403574145707
Mass,0.859851189956704
Nodule,0.7551384845518911
Pleural_Thickening,0.7874698561123581
Pneumonia,0.7538427188895772
Pneumothorax,0.8816294840548212
