label,auc
Atelectasis,0.810890101272503
Cardiomegaly,0.895550968189932
Consolidation,0.8041524045405597
Edema,0.8965659628834944
Effusion,0.8805747229392368
Emphysema,0.9107762896825397
Fibrosis,0.8078032638394258
Hernia,0.8643677370950098
Infiltration,0.7073067831815937
Mass,0.8572698196592001
Nodule,0.755051199203394
Pleural_Thickening,0.792734187806107
Pneumonia,0.7492377302291824
Pneumothorax,0.8748436300636212
