label,auc
Atelectasis,0.8096876821162382
Cardiomegaly,0.8968552224893293
Consolidation,0.805384094435459
Edema,0.9035955536239143
Effusion,0.8781752336764355
Emphysema,0.9076782636716487
Fibrosis,0.8054268401609589
Hernia,0.884451011723739
Infiltration,0.7157933758465889
Mass,0.8522801719874559
Nodule,0.756852542894514
Pleural_Thickening,0.7941139774712904
Pneumonia,0.7573205217912026
Pneumothorax,0.8815353796887978
