label,auc
Atelectasis,0.805694993046952
Cardiomegaly,0.9034819950092481
Consolidation,0.8122138859142088
Edema,0.9009845079977716
Effusion,0.8800035375504026
Emphysema,0.9149684820704439
Fibrosis,0.7993105766169759
Hernia,0.8738910557092375
Infiltration,0.7124815196976936
Mass,0.8517977559842774
Nodule,0.7470519806896405
Pleural_Thickening,0.7822910862459712
Pneumonia,0.7562568861278022
Pneumothorax,0.8777377037113558
