label,auc
Atelectasis,0.8079384512376496
Cardiomegaly,0.8997698350099861
Consolidation,0.8085126155847776
Edema,0.902699271218063
Effusion,0.8775520542824707
Emphysema,0.9203696160641872
Fibrosis,0.8059275467039826
Hernia,0.8909961455416
Infiltration,0.7145194226920406
Mass,0.8639756223656837
Nodule,0.7663097230845758
Pleural_Thickening,0.7953077402946062
Pneumonia,0.7556087929767645
Pneumothorax,0.8856345904692776
