label,auc
Atelectasis,0.8096204799014227
Cardiomegaly,0.9012117102780892
Consolidation,0.8086016630180634
Edema,0.9037231542884269
Effusion,0.8785702230246232
Emphysema,0.920850169447341
Fibrosis,0.806662216896112
Hernia,0.8906078360623816
Infiltration,0.7141352047650374
Mass,0.8648934512276922
Nodule,0.7671147873719218
Pleural_Thickening,0.7967927289278578
Pneumonia,0.7559146876420764
Pneumothorax,0.8866749310888213
