label,auc
Atelectasis,0.8145020990550061
Cardiomegaly,0.9054137623484628
Consolidation,0.8116843611455148
Edema,0.9062247125907292
Effusion,0.8828475338044538
Emphysema,0.9205587960549183
Fibrosis,0.8074937934146067
Hernia,0.8922424013333105
Infiltration,0.7195148956297821
Mass,0.8675433729722362
Nodule,0.7692695220960353
Pleural_Thickening,0.8017749169892476
Pneumonia,0.7615609258372595
Pneumothorax,0.8891870530611977
