Epoch No,Loss
0.0,0.16280411183834076
1.0,0.15072564780712128
2.0,0.14620614051818848
3.0,0.14261122047901154
4.0,0.13944309949874878
5.0,0.1364588588476181
6.0,0.133725106716156
7.0,0.12205995619297028
8.0,0.11733867973089218
9.0,0.11349765211343765
